Cluster number,Erratic measure without drift,Erratic measure of the cluster
0,87,100.61772499286852
1,87,99.45003042951942
2,87,106.47342283315331
3,87,123.37098685413397
4,87,172.59009634735145
5,87,144.09557556881586
6,87,110.85969913777984
7,87,358.72740472103806
8,87,118.79934874543068
9,87,701.9720688399826
10,87,235.85704401251888
11,87,459.4451929470593
12,87,218.92470933645643
13,87,398.51322618319085
14,87,478.7414036132297
15,87,151.5962189709999
16,87,229.02708959628995
