Cluster number,Erratic measure without drift,Erratic measure of the cluster
0,7,16.004789266293987
1,7,16.04177266925909
2,7,16.262531152205476
3,7,19.443690247798123
4,7,19.613999992502897
5,7,17.252841894474322
