Cluster number,Erratic measure without drift,Erratic measure of the cluster
0,42,51.52475718776274
1,42,54.38744351552238
2,42,56.6033419008604
3,42,67.27190129756039
4,42,141.61987244763844
5,42,55.21985301589862
6,42,128.32090162148143
7,42,86.13229650559848
8,42,123.38349600354593
9,42,79.5403696456838
10,42,125.91663439282445
11,42,154.85336495638566
12,42,68.20752396817439
13,42,96.94766597259206
