Cluster number,Erratic measure without drift,Erratic measure of the cluster
0,89,103.12204913926803
1,89,106.58143667866487
2,89,109.16070352334441
3,89,138.34397005085518
4,89,196.01281724567218
5,89,162.3366925068511
6,89,117.36148738999867
7,89,232.40093236542373
8,89,131.5091569970475
9,89,780.0405570923323
10,89,292.71214329483655
11,89,328.88148958594684
12,89,161.07939883900204
13,89,289.10355847622156
14,89,293.88697819088367
15,89,171.01184623786847
16,89,166.11102550927978
